{
  "cv_summary": {
    "lightgbm": {
      "f1_mean": 0.9550430959084437,
      "f1_std": 0.005473020876952395,
      "precision_mean": 0.9563934751808281,
      "precision_std": 0.0030072298720509316,
      "recall_mean": 0.9542209311632917,
      "recall_std": 0.01382022308475922
    },
    "linear_svc": {
      "f1_mean": 0.9557945306892079,
      "f1_std": 0.0008261328777049992,
      "precision_mean": 0.9673269959207459,
      "precision_std": 0.009514495920745936,
      "recall_mean": 0.9455579456372992,
      "recall_std": 0.00662435482086321
    },
    "logistic_regression": {
      "f1_mean": 0.9355146976353907,
      "f1_std": 0.0023457013936780124,
      "precision_mean": 0.9283767959388033,
      "precision_std": 0.0019098756918742854,
      "recall_mean": 0.9430802677339973,
      "recall_std": 0.002832440247676149
    }
  },
  "hardcase_macro_f1": 0.7916666666666667,
  "hardcase_save_threshold": 0.6,
  "label_classes": [
    "ham",
    "spam"
  ],
  "numeric_features": [
    "num_urls",
    "email_length",
    "num_exclamation",
    "upper_case_ratio",
    "url_to_text_ratio",
    "has_generic_greeting",
    "is_free_email"
  ],
  "selected_model": "logistic_regression",
  "validation_macro_f1": 0.9713124274099884,
  "vectorizer": {
    "max_features": 5000,
    "ngram_range": [
      1,
      2
    ],
    "vocabulary_size": 5000
  }
}