{
  "task": "file_malware_retraining",
  "data_path": "FILE\\data\\malware_data_final.csv",
  "models_dir": "FILE\\models",
  "backup_dir": "FILE\\models\\backups\\20260322-222201",
  "dataset": {
    "rows": 7045,
    "train_rows": 5636,
    "test_rows": 1409,
    "label_distribution": {
      "benign": 2880,
      "malware": 4165
    }
  },
  "kmeans": {
    "accuracy": 0.8297,
    "f1": 0.8444,
    "confusion_matrix": [
      [
        518,
        58
      ],
      [
        182,
        651
      ]
    ],
    "classification_report": {
      "0": {
        "precision": 0.74,
        "recall": 0.8993055555555556,
        "f1-score": 0.8119122257053292,
        "support": 576.0
      },
      "1": {
        "precision": 0.918194640338505,
        "recall": 0.7815126050420168,
        "f1-score": 0.8443579766536965,
        "support": 833.0
      },
      "accuracy": 0.829666430092264,
      "macro avg": {
        "precision": 0.8290973201692524,
        "recall": 0.8404090802987862,
        "f1-score": 0.8281351011795128,
        "support": 1409.0
      },
      "weighted avg": {
        "precision": 0.8453485701930267,
        "recall": 0.829666430092264,
        "f1-score": 0.8310941352440019,
        "support": 1409.0
      }
    }
  },
  "lightgbm": {
    "accuracy": 0.9943,
    "f1": 0.9952,
    "confusion_matrix": [
      [
        572,
        4
      ],
      [
        4,
        829
      ]
    ],
    "classification_report": {
      "0": {
        "precision": 0.9930555555555556,
        "recall": 0.9930555555555556,
        "f1-score": 0.9930555555555556,
        "support": 576.0
      },
      "1": {
        "precision": 0.9951980792316927,
        "recall": 0.9951980792316927,
        "f1-score": 0.9951980792316927,
        "support": 833.0
      },
      "accuracy": 0.9943222143364088,
      "macro avg": {
        "precision": 0.9941268173936242,
        "recall": 0.9941268173936242,
        "f1-score": 0.9941268173936242,
        "support": 1409.0
      },
      "weighted avg": {
        "precision": 0.9943222143364088,
        "recall": 0.9943222143364088,
        "f1-score": 0.9943222143364088,
        "support": 1409.0
      }
    },
    "roc_auc": 0.9997
  },
  "xgboost": {
    "accuracy": 0.9915,
    "f1": 0.9928,
    "confusion_matrix": [
      [
        569,
        7
      ],
      [
        5,
        828
      ]
    ],
    "classification_report": {
      "0": {
        "precision": 0.9912891986062717,
        "recall": 0.9878472222222222,
        "f1-score": 0.9895652173913043,
        "support": 576.0
      },
      "1": {
        "precision": 0.9916167664670659,
        "recall": 0.9939975990396158,
        "f1-score": 0.9928057553956835,
        "support": 833.0
      },
      "accuracy": 0.9914833215046132,
      "macro avg": {
        "precision": 0.9914529825366688,
        "recall": 0.990922410630919,
        "f1-score": 0.9911854863934939,
        "support": 1409.0
      },
      "weighted avg": {
        "precision": 0.9914828565395871,
        "recall": 0.9914833215046132,
        "f1-score": 0.9914810216195853,
        "support": 1409.0
      }
    },
    "roc_auc": 0.9996
  },
  "metadata": {
    "feature_columns": [
      "Sections",
      "AvgEntropy",
      "MaxEntropy",
      "SuspiciousSections",
      "DLLs",
      "Imports",
      "HasSensitiveAPI",
      "ImageBase",
      "SizeOfImage",
      "HasVersionInfo"
    ],
    "harmful_cluster_label": 1,
    "scale_pos_weight": 0.691477
  }
}