{
  "task": "url_retraining",
  "data_path": "URL\\data\\processed_malicious_url.csv",
  "models_dir": "URL\\models",
  "backup_dir": "URL\\models\\backups\\20260322-223257",
  "dataset": {
    "rows": 646117,
    "train_rows": 516903,
    "test_rows": 129224,
    "target_classes": [
      "benign",
      "harm"
    ],
    "label_distribution": {
      "benign": 433080,
      "harm": 213037
    },
    "hardcase_rows": 10
  },
  "kmeans": {
    "accuracy": 0.6802,
    "f1": 0.1324,
    "confusion_matrix": [
      [
        84738,
        1878
      ],
      [
        39454,
        3154
      ]
    ],
    "classification_report": {
      "0": {
        "precision": 0.6823144808039165,
        "recall": 0.978318093654752,
        "f1-score": 0.8039353345224091,
        "support": 86616.0
      },
      "1": {
        "precision": 0.6267885532591415,
        "recall": 0.07402365752910252,
        "f1-score": 0.1324097397145256,
        "support": 42608.0
      },
      "accuracy": 0.6801522936915744,
      "macro avg": {
        "precision": 0.654551517031529,
        "recall": 0.5261708755919272,
        "f1-score": 0.46817253711846735,
        "support": 129224.0
      },
      "weighted avg": {
        "precision": 0.6640063590863736,
        "recall": 0.6801522936915744,
        "f1-score": 0.5825185501512837,
        "support": 129224.0
      }
    }
  },
  "lightgbm": {
    "accuracy": 0.8119,
    "f1": 0.7332,
    "confusion_matrix": [
      [
        71521,
        15095
      ],
      [
        9214,
        33394
      ]
    ],
    "classification_report": {
      "0": {
        "precision": 0.8858735368799158,
        "recall": 0.8257250392537175,
        "f1-score": 0.854742427592306,
        "support": 86616.0
      },
      "1": {
        "precision": 0.688692280723463,
        "recall": 0.7837495306045813,
        "f1-score": 0.7331525736303062,
        "support": 42608.0
      },
      "accuracy": 0.811884789203244,
      "macro avg": {
        "precision": 0.7872829088016894,
        "recall": 0.8047372849291494,
        "f1-score": 0.7939475006113061,
        "support": 129224.0
      },
      "weighted avg": {
        "precision": 0.8208585322189074,
        "recall": 0.811884789203244,
        "f1-score": 0.8146515737446238,
        "support": 129224.0
      }
    },
    "roc_auc": 0.8932
  },
  "xgboost": {
    "accuracy": 0.8239,
    "f1": 0.7501,
    "confusion_matrix": [
      [
        72303,
        14313
      ],
      [
        8449,
        34159
      ]
    ],
    "classification_report": {
      "0": {
        "precision": 0.8953710124826629,
        "recall": 0.8347533942920476,
        "f1-score": 0.8640002867931743,
        "support": 86616.0
      },
      "1": {
        "precision": 0.7047161247730649,
        "recall": 0.8017039053698836,
        "f1-score": 0.7500878348704436,
        "support": 42608.0
      },
      "accuracy": 0.823856249613075,
      "macro avg": {
        "precision": 0.800043568627864,
        "recall": 0.8182286498309657,
        "f1-score": 0.807044060831809,
        "support": 129224.0
      },
      "weighted avg": {
        "precision": 0.8325078952944428,
        "recall": 0.823856249613075,
        "f1-score": 0.8264408415544903,
        "support": 129224.0
      }
    },
    "roc_auc": 0.9059
  },
  "metadata": {
    "feature_columns": [
      "url_len",
      "hostname_len",
      "dot_count",
      "dash_count",
      "digit_ratio",
      "entropy",
      "is_trash_tld",
      "is_popular_tld",
      "has_ip",
      "is_exec",
      "keyword_count",
      "subdomain_count",
      "special_ratio",
      "has_number_in_host"
    ],
    "harmful_cluster_label": 1,
    "scale_pos_weight": 2.032863,
    "sample_frac": 1.0,
    "hardcase_scale": 1.0
  }
}