{
  "task": "url_retraining",
  "data_path": "URL\\data\\processed_malicious_url.csv",
  "models_dir": "URL\\models",
  "backup_dir": "URL\\models\\backups\\20260401-074356",
  "dataset": {
    "rows": 646117,
    "train_rows": 522189,
    "test_rows": 123938,
    "target_classes": [
      "benign",
      "harm"
    ],
    "label_distribution": {
      "benign": 433080,
      "harm": 213037
    },
    "hardcase_rows": 10,
    "domain_split": {
      "train_domains": 117576,
      "test_domains": 29394,
      "domain_overlap": 0,
      "train_rows": 522179,
      "test_rows": 123938,
      "train_label_distribution": {
        "benign": 349463,
        "harm": 172716
      },
      "test_label_distribution": {
        "benign": 83617,
        "harm": 40321
      }
    }
  },
  "lightgbm": {
    "accuracy": 0.8156,
    "f1": 0.7285,
    "confusion_matrix": [
      [
        70426,
        13191
      ],
      [
        9661,
        30660
      ]
    ],
    "classification_report": {
      "0": {
        "precision": 0.8793686865533732,
        "recall": 0.842244998026717,
        "f1-score": 0.8604065874993891,
        "support": 83617.0
      },
      "1": {
        "precision": 0.6991858794554286,
        "recall": 0.7603978075940577,
        "f1-score": 0.7285082925438388,
        "support": 40321.0
      },
      "accuracy": 0.815617486162436,
      "macro avg": {
        "precision": 0.7892772830044009,
        "recall": 0.8013214028103874,
        "f1-score": 0.794457440021614,
        "support": 123938.0
      },
      "weighted avg": {
        "precision": 0.8207494497979292,
        "recall": 0.815617486162436,
        "f1-score": 0.8174958486549448,
        "support": 123938.0
      }
    },
    "roc_auc": 0.8912
  },
  "xgboost": {
    "accuracy": 0.8165,
    "f1": 0.7287,
    "confusion_matrix": [
      [
        70649,
        12968
      ],
      [
        9777,
        30544
      ]
    ],
    "classification_report": {
      "0": {
        "precision": 0.8784348345062541,
        "recall": 0.844911919824916,
        "f1-score": 0.8613473296635639,
        "support": 83617.0
      },
      "1": {
        "precision": 0.7019672733958449,
        "recall": 0.7575208948190769,
        "f1-score": 0.7286867939832763,
        "support": 40321.0
      },
      "accuracy": 0.8164808210556891,
      "macro avg": {
        "precision": 0.7902010539510496,
        "recall": 0.8012164073219965,
        "f1-score": 0.79501706182342,
        "support": 123938.0
      },
      "weighted avg": {
        "precision": 0.8210242862358866,
        "recall": 0.8164808210556891,
        "f1-score": 0.8181886095037673,
        "support": 123938.0
      }
    },
    "roc_auc": 0.8929
  },
  "ensemble": {
    "accuracy": 0.8221,
    "f1": 0.7302,
    "confusion_matrix": [
      [
        72049,
        11568
      ],
      [
        10484,
        29837
      ]
    ],
    "classification_report": {
      "0": {
        "precision": 0.8729720233118874,
        "recall": 0.8616549266297523,
        "f1-score": 0.8672765573277159,
        "support": 83617.0
      },
      "1": {
        "precision": 0.7206134524815844,
        "recall": 0.739986607475013,
        "f1-score": 0.7301715488339084,
        "support": 40321.0
      },
      "accuracy": 0.8220723264858235,
      "macro avg": {
        "precision": 0.7967927378967359,
        "recall": 0.8008207670523826,
        "f1-score": 0.7987240530808122,
        "support": 123938.0
      },
      "weighted avg": {
        "precision": 0.823404901569979,
        "recall": 0.8220723264858235,
        "f1-score": 0.8226719078458878,
        "support": 123938.0
      }
    },
    "roc_auc": 0.8925
  },
  "metadata": {
    "feature_columns": [
      "url_len",
      "hostname_len",
      "dot_count",
      "dash_count",
      "digit_ratio",
      "entropy",
      "is_trash_tld",
      "is_popular_tld",
      "has_ip",
      "is_exec",
      "keyword_count",
      "subdomain_count",
      "special_ratio",
      "has_number_in_host",
      "has_at_symbol",
      "path_depth",
      "has_redirect",
      "brand_in_subdomain",
      "tld_in_path",
      "query_param_count",
      "has_hex_encoding"
    ],
    "scale_pos_weight": 2.023309,
    "sample_frac": 1.0,
    "hardcase_scale": 1.0
  }
}