{
  "task": "url_retraining",
  "data_path": "URL\\data\\processed_malicious_url.csv",
  "models_dir": "URL\\models",
  "backup_dir": "URL\\models\\backups\\20260331-183355",
  "dataset": {
    "rows": 646117,
    "train_rows": 516903,
    "test_rows": 129224,
    "target_classes": [
      "benign",
      "harm"
    ],
    "label_distribution": {
      "benign": 433080,
      "harm": 213037
    },
    "hardcase_rows": 10
  },
  "lightgbm": {
    "accuracy": 0.8383,
    "f1": 0.7671,
    "confusion_matrix": [
      [
        73917,
        12699
      ],
      [
        8197,
        34411
      ]
    ],
    "classification_report": {
      "0": {
        "precision": 0.9001753659546484,
        "recall": 0.8533873649210307,
        "f1-score": 0.876157174183607,
        "support": 86616.0
      },
      "1": {
        "precision": 0.7304393971555933,
        "recall": 0.8076182876455126,
        "f1-score": 0.7670924452172362,
        "support": 42608.0
      },
      "accuracy": 0.8382962917105181,
      "macro avg": {
        "precision": 0.8153073815551208,
        "recall": 0.8305028262832717,
        "f1-score": 0.8216248097004215,
        "support": 129224.0
      },
      "weighted avg": {
        "precision": 0.8442096772390062,
        "recall": 0.8382962917105181,
        "f1-score": 0.8401961300138001,
        "support": 129224.0
      }
    },
    "roc_auc": 0.9169
  },
  "xgboost": {
    "accuracy": 0.8495,
    "f1": 0.783,
    "confusion_matrix": [
      [
        74692,
        11924
      ],
      [
        7525,
        35083
      ]
    ],
    "classification_report": {
      "0": {
        "precision": 0.908473916586594,
        "recall": 0.8623349034820357,
        "f1-score": 0.8848033263639218,
        "support": 86616.0
      },
      "1": {
        "precision": 0.7463356521369158,
        "recall": 0.8233899737138566,
        "f1-score": 0.7829716007364839,
        "support": 42608.0
      },
      "accuracy": 0.8494939020615365,
      "macro avg": {
        "precision": 0.8274047843617549,
        "recall": 0.8428624385979462,
        "f1-score": 0.8338874635502028,
        "support": 129224.0
      },
      "weighted avg": {
        "precision": 0.8550133583956087,
        "recall": 0.8494939020615365,
        "f1-score": 0.8512271627601494,
        "support": 129224.0
      }
    },
    "roc_auc": 0.9269
  },
  "ensemble": {
    "accuracy": 0.8486,
    "f1": 0.7766,
    "confusion_matrix": [
      [
        75646,
        10970
      ],
      [
        8594,
        34014
      ]
    ],
    "classification_report": {
      "0": {
        "precision": 0.8979819563152897,
        "recall": 0.8733490348203565,
        "f1-score": 0.8854942173526245,
        "support": 86616.0
      },
      "1": {
        "precision": 0.7561355148497243,
        "recall": 0.7983007885843034,
        "f1-score": 0.7766462690656681,
        "support": 42608.0
      },
      "accuracy": 0.848603974493902,
      "macro avg": {
        "precision": 0.827058735582507,
        "recall": 0.83582491170233,
        "f1-score": 0.8310702432091464,
        "support": 129224.0
      },
      "weighted avg": {
        "precision": 0.8512120592530968,
        "recall": 0.848603974493902,
        "f1-score": 0.849604650549162,
        "support": 129224.0
      }
    },
    "roc_auc": 0.9225
  },
  "metadata": {
    "feature_columns": [
      "url_len",
      "hostname_len",
      "dot_count",
      "dash_count",
      "digit_ratio",
      "entropy",
      "is_trash_tld",
      "is_popular_tld",
      "has_ip",
      "is_exec",
      "keyword_count",
      "subdomain_count",
      "special_ratio",
      "has_number_in_host",
      "has_at_symbol",
      "path_depth",
      "has_redirect",
      "brand_in_subdomain",
      "tld_in_path",
      "query_param_count",
      "has_hex_encoding"
    ],
    "scale_pos_weight": 2.032863,
    "sample_frac": 1.0,
    "hardcase_scale": 1.0
  }
}