{
  "task": "url_retraining",
  "data_path": "URL\\data\\processed_malicious_url.csv",
  "models_dir": "URL\\models",
  "backup_dir": "URL\\models\\backups\\20260322-222210",
  "dataset": {
    "rows": 646117,
    "train_rows": 516893,
    "test_rows": 129224,
    "target_classes": [
      "benign",
      "harm"
    ],
    "label_distribution": {
      "benign": 433080,
      "harm": 213037
    }
  },
  "kmeans": {
    "accuracy": 0.6806,
    "f1": 0.1306,
    "confusion_matrix": [
      [
        84844,
        1772
      ],
      [
        39508,
        3100
      ]
    ],
    "classification_report": {
      "0": {
        "precision": 0.6822889861039629,
        "recall": 0.9795418860256766,
        "f1-score": 0.8043305145804103,
        "support": 86616.0
      },
      "1": {
        "precision": 0.6362889983579638,
        "recall": 0.07275628989861059,
        "f1-score": 0.13058129738837404,
        "support": 42608.0
      },
      "accuracy": 0.6805546957221569,
      "macro avg": {
        "precision": 0.6592889922309634,
        "recall": 0.5261490879621435,
        "f1-score": 0.46745590598439213,
        "support": 129224.0
      },
      "weighted avg": {
        "precision": 0.6671217766236687,
        "recall": 0.6805546957221569,
        "f1-score": 0.5821805529160269,
        "support": 129224.0
      }
    }
  },
  "lightgbm": {
    "accuracy": 0.8122,
    "f1": 0.7333,
    "confusion_matrix": [
      [
        71601,
        15015
      ],
      [
        9247,
        33361
      ]
    ],
    "classification_report": {
      "0": {
        "precision": 0.8856248763111023,
        "recall": 0.8266486561374342,
        "f1-score": 0.855121100654469,
        "support": 86616.0
      },
      "1": {
        "precision": 0.6896188192492145,
        "recall": 0.7829750281637251,
        "f1-score": 0.7333377297107184,
        "support": 42608.0
      },
      "accuracy": 0.8122484987308859,
      "macro avg": {
        "precision": 0.7876218477801584,
        "recall": 0.8048118421505797,
        "f1-score": 0.7942294151825937,
        "support": 129224.0
      },
      "weighted avg": {
        "precision": 0.8209973606848029,
        "recall": 0.8122484987308859,
        "f1-score": 0.8149664399941324,
        "support": 129224.0
      }
    },
    "roc_auc": 0.8933
  },
  "xgboost": {
    "accuracy": 0.8235,
    "f1": 0.75,
    "confusion_matrix": [
      [
        72209,
        14407
      ],
      [
        8402,
        34206
      ]
    ],
    "classification_report": {
      "0": {
        "precision": 0.8957710486161938,
        "recall": 0.8336681444536806,
        "f1-score": 0.8636045614643568,
        "support": 86616.0
      },
      "1": {
        "precision": 0.7036389443153066,
        "recall": 0.8028069846038303,
        "f1-score": 0.7499588910448252,
        "support": 42608.0
      },
      "accuracy": 0.823492540085433,
      "macro avg": {
        "precision": 0.7997049964657502,
        "recall": 0.8182375645287554,
        "f1-score": 0.806781726254591,
        "support": 129224.0
      },
      "weighted avg": {
        "precision": 0.8324208605702256,
        "recall": 0.823492540085433,
        "f1-score": 0.8261330799652901,
        "support": 129224.0
      }
    },
    "roc_auc": 0.906
  },
  "metadata": {
    "feature_columns": [
      "url_len",
      "hostname_len",
      "dot_count",
      "dash_count",
      "digit_ratio",
      "entropy",
      "is_trash_tld",
      "is_popular_tld",
      "has_ip",
      "is_exec",
      "keyword_count",
      "subdomain_count",
      "special_ratio",
      "has_number_in_host"
    ],
    "harmful_cluster_label": 1,
    "scale_pos_weight": 2.032893,
    "sample_frac": 1.0
  }
}