{
  "task": "url_retraining",
  "data_path": "URL\\data\\processed_malicious_url.csv",
  "models_dir": "URL\\models",
  "backup_dir": "URL\\models\\backups\\20260401-081242",
  "dataset": {
    "rows": 646117,
    "train_rows": 522189,
    "test_rows": 123938,
    "target_classes": [
      "benign",
      "harm"
    ],
    "label_distribution": {
      "benign": 433080,
      "harm": 213037
    },
    "hardcase_rows": 10,
    "domain_split": {
      "train_domains": 117576,
      "test_domains": 29394,
      "domain_overlap": 0,
      "train_rows": 522179,
      "test_rows": 123938,
      "train_label_distribution": {
        "benign": 349463,
        "harm": 172716
      },
      "test_label_distribution": {
        "benign": 83617,
        "harm": 40321
      }
    }
  },
  "lightgbm": {
    "accuracy": 0.8156,
    "f1": 0.7285,
    "confusion_matrix": [
      [
        70426,
        13191
      ],
      [
        9661,
        30660
      ]
    ],
    "classification_report": {
      "0": {
        "precision": 0.8793686865533732,
        "recall": 0.842244998026717,
        "f1-score": 0.8604065874993891,
        "support": 83617.0
      },
      "1": {
        "precision": 0.6991858794554286,
        "recall": 0.7603978075940577,
        "f1-score": 0.7285082925438388,
        "support": 40321.0
      },
      "accuracy": 0.815617486162436,
      "macro avg": {
        "precision": 0.7892772830044009,
        "recall": 0.8013214028103874,
        "f1-score": 0.794457440021614,
        "support": 123938.0
      },
      "weighted avg": {
        "precision": 0.8207494497979292,
        "recall": 0.815617486162436,
        "f1-score": 0.8174958486549448,
        "support": 123938.0
      }
    },
    "roc_auc": 0.8912
  },
  "xgboost": {
    "accuracy": 0.8165,
    "f1": 0.7287,
    "confusion_matrix": [
      [
        70649,
        12968
      ],
      [
        9777,
        30544
      ]
    ],
    "classification_report": {
      "0": {
        "precision": 0.8784348345062541,
        "recall": 0.844911919824916,
        "f1-score": 0.8613473296635639,
        "support": 83617.0
      },
      "1": {
        "precision": 0.7019672733958449,
        "recall": 0.7575208948190769,
        "f1-score": 0.7286867939832763,
        "support": 40321.0
      },
      "accuracy": 0.8164808210556891,
      "macro avg": {
        "precision": 0.7902010539510496,
        "recall": 0.8012164073219965,
        "f1-score": 0.79501706182342,
        "support": 123938.0
      },
      "weighted avg": {
        "precision": 0.8210242862358866,
        "recall": 0.8164808210556891,
        "f1-score": 0.8181886095037673,
        "support": 123938.0
      }
    },
    "roc_auc": 0.8929
  },
  "ensemble": {
    "accuracy": 0.8015,
    "f1": 0.7244,
    "confusion_matrix": [
      [
        67001,
        16616
      ],
      [
        7990,
        32331
      ]
    ],
    "classification_report": {
      "0": {
        "precision": 0.8934538811324025,
        "recall": 0.8012844278077424,
        "f1-score": 0.8448628064158176,
        "support": 83617.0
      },
      "1": {
        "precision": 0.660530778188653,
        "recall": 0.8018402321370998,
        "f1-score": 0.7243581126495496,
        "support": 40321.0
      },
      "accuracy": 0.801465248753409,
      "macro avg": {
        "precision": 0.7769923296605278,
        "recall": 0.801562329972421,
        "f1-score": 0.7846104595326836,
        "support": 123938.0
      },
      "weighted avg": {
        "precision": 0.8176765373492616,
        "recall": 0.801465248753409,
        "f1-score": 0.8056587708710315,
        "support": 123938.0
      }
    },
    "roc_auc": 0.8934
  },
  "ensemble_soft_voting": {
    "probability_source": "avg_prob = (lgbm_prob + xgb_prob) / 2",
    "threshold_candidates": [
      0.4,
      0.45,
      0.5
    ],
    "selected_threshold": 0.45,
    "threshold_reports": {
      "0.40": {
        "threshold": 0.4,
        "confusion_matrix": [
          [
            63170,
            20447
          ],
          [
            6400,
            33921
          ]
        ],
        "classification_report": {
          "0": {
            "precision": 0.9080063245651862,
            "recall": 0.7554683856153653,
            "f1-score": 0.824743614014244,
            "support": 83617.0
          },
          "1": {
            "precision": 0.6239148028251913,
            "recall": 0.8412737779320949,
            "f1-score": 0.7164718182682255,
            "support": 40321.0
          },
          "accuracy": 0.7833836272975198,
          "macro avg": {
            "precision": 0.7659605636951887,
            "recall": 0.7983710817737302,
            "f1-score": 0.7706077161412348,
            "support": 123938.0
          },
          "weighted avg": {
            "precision": 0.8155822556914079,
            "recall": 0.7833836272975198,
            "f1-score": 0.7895193319032272,
            "support": 123938.0
          }
        },
        "roc_auc": 0.8934
      },
      "0.45": {
        "threshold": 0.45,
        "confusion_matrix": [
          [
            67001,
            16616
          ],
          [
            7990,
            32331
          ]
        ],
        "classification_report": {
          "0": {
            "precision": 0.8934538811324025,
            "recall": 0.8012844278077424,
            "f1-score": 0.8448628064158176,
            "support": 83617.0
          },
          "1": {
            "precision": 0.660530778188653,
            "recall": 0.8018402321370998,
            "f1-score": 0.7243581126495496,
            "support": 40321.0
          },
          "accuracy": 0.801465248753409,
          "macro avg": {
            "precision": 0.7769923296605278,
            "recall": 0.801562329972421,
            "f1-score": 0.7846104595326836,
            "support": 123938.0
          },
          "weighted avg": {
            "precision": 0.8176765373492616,
            "recall": 0.801465248753409,
            "f1-score": 0.8056587708710315,
            "support": 123938.0
          }
        },
        "roc_auc": 0.8934
      },
      "0.50": {
        "threshold": 0.5,
        "confusion_matrix": [
          [
            70780,
            12837
          ],
          [
            9687,
            30634
          ]
        ],
        "classification_report": {
          "0": {
            "precision": 0.8796152460014665,
            "recall": 0.8464785868902257,
            "f1-score": 0.8627288462007264,
            "support": 83617.0
          },
          "1": {
            "precision": 0.7046996848473696,
            "recall": 0.7597529823169068,
            "f1-score": 0.7311915218636624,
            "support": 40321.0
          },
          "accuracy": 0.8182639706950249,
          "macro avg": {
            "precision": 0.792157465424418,
            "recall": 0.8031157846035663,
            "f1-score": 0.7969601840321945,
            "support": 123938.0
          },
          "weighted avg": {
            "precision": 0.8227096130132437,
            "recall": 0.8182639706950249,
            "f1-score": 0.8199355426570614,
            "support": 123938.0
          }
        },
        "roc_auc": 0.8934
      }
    }
  },
  "metadata": {
    "feature_columns": [
      "url_len",
      "hostname_len",
      "dot_count",
      "dash_count",
      "digit_ratio",
      "entropy",
      "is_trash_tld",
      "is_popular_tld",
      "has_ip",
      "is_exec",
      "keyword_count",
      "subdomain_count",
      "special_ratio",
      "has_number_in_host",
      "has_at_symbol",
      "path_depth",
      "has_redirect",
      "brand_in_subdomain",
      "tld_in_path",
      "query_param_count",
      "has_hex_encoding"
    ],
    "scale_pos_weight": 2.023309,
    "sample_frac": 1.0,
    "hardcase_scale": 1.0
  }
}